--
-- PostgreSQL database dump
--

-- Dumped from database version 13.7 (Raspbian 13.7-0+deb11u1)
-- Dumped by pg_dump version 13.2

-- Started on 2022-08-24 00:15:48

SET statement_timeout = 0;
SET lock_timeout = 0;
SET idle_in_transaction_session_timeout = 0;
SET client_encoding = 'UTF8';
SET standard_conforming_strings = on;
SELECT pg_catalog.set_config('search_path', '', false);
SET check_function_bodies = false;
SET xmloption = content;
SET client_min_messages = warning;
SET row_security = off;

--
-- TOC entry 3 (class 2615 OID 2200)
-- Name: public; Type: SCHEMA; Schema: -; Owner: -
--

CREATE SCHEMA public;


--
-- TOC entry 3167 (class 0 OID 0)
-- Dependencies: 3
-- Name: SCHEMA public; Type: COMMENT; Schema: -; Owner: -
--

COMMENT ON SCHEMA public IS 'standard public schema';


SET default_tablespace = '';

SET default_table_access_method = heap;

--
-- TOC entry 207 (class 1259 OID 16412)
-- Name: auth_group; Type: TABLE; Schema: public; Owner: -
--

CREATE TABLE public.auth_group (
    id integer NOT NULL,
    name character varying(150) NOT NULL
);


--
-- TOC entry 206 (class 1259 OID 16410)
-- Name: auth_group_id_seq; Type: SEQUENCE; Schema: public; Owner: -
--

ALTER TABLE public.auth_group ALTER COLUMN id ADD GENERATED BY DEFAULT AS IDENTITY (
    SEQUENCE NAME public.auth_group_id_seq
    START WITH 1
    INCREMENT BY 1
    NO MINVALUE
    NO MAXVALUE
    CACHE 1
);


--
-- TOC entry 209 (class 1259 OID 16421)
-- Name: auth_group_permissions; Type: TABLE; Schema: public; Owner: -
--

CREATE TABLE public.auth_group_permissions (
    id bigint NOT NULL,
    group_id integer NOT NULL,
    permission_id integer NOT NULL
);


--
-- TOC entry 208 (class 1259 OID 16419)
-- Name: auth_group_permissions_id_seq; Type: SEQUENCE; Schema: public; Owner: -
--

ALTER TABLE public.auth_group_permissions ALTER COLUMN id ADD GENERATED BY DEFAULT AS IDENTITY (
    SEQUENCE NAME public.auth_group_permissions_id_seq
    START WITH 1
    INCREMENT BY 1
    NO MINVALUE
    NO MAXVALUE
    CACHE 1
);


--
-- TOC entry 205 (class 1259 OID 16405)
-- Name: auth_permission; Type: TABLE; Schema: public; Owner: -
--

CREATE TABLE public.auth_permission (
    id integer NOT NULL,
    name character varying(255) NOT NULL,
    content_type_id integer NOT NULL,
    codename character varying(100) NOT NULL
);


--
-- TOC entry 204 (class 1259 OID 16403)
-- Name: auth_permission_id_seq; Type: SEQUENCE; Schema: public; Owner: -
--

ALTER TABLE public.auth_permission ALTER COLUMN id ADD GENERATED BY DEFAULT AS IDENTITY (
    SEQUENCE NAME public.auth_permission_id_seq
    START WITH 1
    INCREMENT BY 1
    NO MINVALUE
    NO MAXVALUE
    CACHE 1
);


--
-- TOC entry 211 (class 1259 OID 16428)
-- Name: auth_user; Type: TABLE; Schema: public; Owner: -
--

CREATE TABLE public.auth_user (
    id integer NOT NULL,
    password character varying(128) NOT NULL,
    last_login timestamp with time zone,
    is_superuser boolean NOT NULL,
    username character varying(150) NOT NULL,
    first_name character varying(150) NOT NULL,
    last_name character varying(150) NOT NULL,
    email character varying(254) NOT NULL,
    is_staff boolean NOT NULL,
    is_active boolean NOT NULL,
    date_joined timestamp with time zone NOT NULL
);


--
-- TOC entry 213 (class 1259 OID 16437)
-- Name: auth_user_groups; Type: TABLE; Schema: public; Owner: -
--

CREATE TABLE public.auth_user_groups (
    id bigint NOT NULL,
    user_id integer NOT NULL,
    group_id integer NOT NULL
);


--
-- TOC entry 212 (class 1259 OID 16435)
-- Name: auth_user_groups_id_seq; Type: SEQUENCE; Schema: public; Owner: -
--

ALTER TABLE public.auth_user_groups ALTER COLUMN id ADD GENERATED BY DEFAULT AS IDENTITY (
    SEQUENCE NAME public.auth_user_groups_id_seq
    START WITH 1
    INCREMENT BY 1
    NO MINVALUE
    NO MAXVALUE
    CACHE 1
);


--
-- TOC entry 210 (class 1259 OID 16426)
-- Name: auth_user_id_seq; Type: SEQUENCE; Schema: public; Owner: -
--

ALTER TABLE public.auth_user ALTER COLUMN id ADD GENERATED BY DEFAULT AS IDENTITY (
    SEQUENCE NAME public.auth_user_id_seq
    START WITH 1
    INCREMENT BY 1
    NO MINVALUE
    NO MAXVALUE
    CACHE 1
);


--
-- TOC entry 215 (class 1259 OID 16444)
-- Name: auth_user_user_permissions; Type: TABLE; Schema: public; Owner: -
--

CREATE TABLE public.auth_user_user_permissions (
    id bigint NOT NULL,
    user_id integer NOT NULL,
    permission_id integer NOT NULL
);


--
-- TOC entry 214 (class 1259 OID 16442)
-- Name: auth_user_user_permissions_id_seq; Type: SEQUENCE; Schema: public; Owner: -
--

ALTER TABLE public.auth_user_user_permissions ALTER COLUMN id ADD GENERATED BY DEFAULT AS IDENTITY (
    SEQUENCE NAME public.auth_user_user_permissions_id_seq
    START WITH 1
    INCREMENT BY 1
    NO MINVALUE
    NO MAXVALUE
    CACHE 1
);


--
-- TOC entry 217 (class 1259 OID 16503)
-- Name: django_admin_log; Type: TABLE; Schema: public; Owner: -
--

CREATE TABLE public.django_admin_log (
    id integer NOT NULL,
    action_time timestamp with time zone NOT NULL,
    object_id text,
    object_repr character varying(200) NOT NULL,
    action_flag smallint NOT NULL,
    change_message text NOT NULL,
    content_type_id integer,
    user_id integer NOT NULL,
    CONSTRAINT django_admin_log_action_flag_check CHECK ((action_flag >= 0))
);


--
-- TOC entry 216 (class 1259 OID 16501)
-- Name: django_admin_log_id_seq; Type: SEQUENCE; Schema: public; Owner: -
--

ALTER TABLE public.django_admin_log ALTER COLUMN id ADD GENERATED BY DEFAULT AS IDENTITY (
    SEQUENCE NAME public.django_admin_log_id_seq
    START WITH 1
    INCREMENT BY 1
    NO MINVALUE
    NO MAXVALUE
    CACHE 1
);


--
-- TOC entry 203 (class 1259 OID 16396)
-- Name: django_content_type; Type: TABLE; Schema: public; Owner: -
--

CREATE TABLE public.django_content_type (
    id integer NOT NULL,
    app_label character varying(100) NOT NULL,
    model character varying(100) NOT NULL
);


--
-- TOC entry 202 (class 1259 OID 16394)
-- Name: django_content_type_id_seq; Type: SEQUENCE; Schema: public; Owner: -
--

ALTER TABLE public.django_content_type ALTER COLUMN id ADD GENERATED BY DEFAULT AS IDENTITY (
    SEQUENCE NAME public.django_content_type_id_seq
    START WITH 1
    INCREMENT BY 1
    NO MINVALUE
    NO MAXVALUE
    CACHE 1
);


--
-- TOC entry 201 (class 1259 OID 16386)
-- Name: django_migrations; Type: TABLE; Schema: public; Owner: -
--

CREATE TABLE public.django_migrations (
    id bigint NOT NULL,
    app character varying(255) NOT NULL,
    name character varying(255) NOT NULL,
    applied timestamp with time zone NOT NULL
);


--
-- TOC entry 200 (class 1259 OID 16384)
-- Name: django_migrations_id_seq; Type: SEQUENCE; Schema: public; Owner: -
--

ALTER TABLE public.django_migrations ALTER COLUMN id ADD GENERATED BY DEFAULT AS IDENTITY (
    SEQUENCE NAME public.django_migrations_id_seq
    START WITH 1
    INCREMENT BY 1
    NO MINVALUE
    NO MAXVALUE
    CACHE 1
);


--
-- TOC entry 218 (class 1259 OID 16533)
-- Name: django_session; Type: TABLE; Schema: public; Owner: -
--

CREATE TABLE public.django_session (
    session_key character varying(40) NOT NULL,
    session_data text NOT NULL,
    expire_date timestamp with time zone NOT NULL
);


--
-- TOC entry 226 (class 1259 OID 16569)
-- Name: hospital_appointment; Type: TABLE; Schema: public; Owner: -
--

CREATE TABLE public.hospital_appointment (
    id integer NOT NULL,
    date character varying(100) NOT NULL,
    created_at timestamp with time zone NOT NULL,
    updated_at timestamp with time zone NOT NULL,
    deleted_at timestamp with time zone,
    doctor_id integer NOT NULL,
    pacient_id integer NOT NULL,
    type_id integer NOT NULL
);


--
-- TOC entry 225 (class 1259 OID 16567)
-- Name: hospital_appointment_id_seq; Type: SEQUENCE; Schema: public; Owner: -
--

ALTER TABLE public.hospital_appointment ALTER COLUMN id ADD GENERATED BY DEFAULT AS IDENTITY (
    SEQUENCE NAME public.hospital_appointment_id_seq
    START WITH 1
    INCREMENT BY 1
    NO MINVALUE
    NO MAXVALUE
    CACHE 1
);


--
-- TOC entry 220 (class 1259 OID 16545)
-- Name: hospital_doctor; Type: TABLE; Schema: public; Owner: -
--

CREATE TABLE public.hospital_doctor (
    id integer NOT NULL,
    name character varying(100) NOT NULL,
    lastname character varying(100) NOT NULL,
    dni character varying(100) NOT NULL,
    created_at timestamp with time zone NOT NULL,
    updated_at timestamp with time zone NOT NULL,
    deleted_at timestamp with time zone
);


--
-- TOC entry 219 (class 1259 OID 16543)
-- Name: hospital_doctor_id_seq; Type: SEQUENCE; Schema: public; Owner: -
--

ALTER TABLE public.hospital_doctor ALTER COLUMN id ADD GENERATED BY DEFAULT AS IDENTITY (
    SEQUENCE NAME public.hospital_doctor_id_seq
    START WITH 1
    INCREMENT BY 1
    NO MINVALUE
    NO MAXVALUE
    CACHE 1
);


--
-- TOC entry 222 (class 1259 OID 16552)
-- Name: hospital_pacient; Type: TABLE; Schema: public; Owner: -
--

CREATE TABLE public.hospital_pacient (
    id integer NOT NULL,
    name character varying(100) NOT NULL,
    lastname character varying(100) NOT NULL,
    dni character varying(100) NOT NULL,
    created_at timestamp with time zone NOT NULL,
    updated_at timestamp with time zone NOT NULL,
    deleted_at timestamp with time zone
);


--
-- TOC entry 221 (class 1259 OID 16550)
-- Name: hospital_pacient_id_seq; Type: SEQUENCE; Schema: public; Owner: -
--

ALTER TABLE public.hospital_pacient ALTER COLUMN id ADD GENERATED BY DEFAULT AS IDENTITY (
    SEQUENCE NAME public.hospital_pacient_id_seq
    START WITH 1
    INCREMENT BY 1
    NO MINVALUE
    NO MAXVALUE
    CACHE 1
);


--
-- TOC entry 224 (class 1259 OID 16559)
-- Name: hospital_typeappointment; Type: TABLE; Schema: public; Owner: -
--

CREATE TABLE public.hospital_typeappointment (
    id integer NOT NULL,
    description text NOT NULL,
    created_at timestamp with time zone NOT NULL,
    updated_at timestamp with time zone NOT NULL,
    deleted_at timestamp with time zone
);


--
-- TOC entry 223 (class 1259 OID 16557)
-- Name: hospital_typeappointment_id_seq; Type: SEQUENCE; Schema: public; Owner: -
--

ALTER TABLE public.hospital_typeappointment ALTER COLUMN id ADD GENERATED BY DEFAULT AS IDENTITY (
    SEQUENCE NAME public.hospital_typeappointment_id_seq
    START WITH 1
    INCREMENT BY 1
    NO MINVALUE
    NO MAXVALUE
    CACHE 1
);


--
-- TOC entry 3142 (class 0 OID 16412)
-- Dependencies: 207
-- Data for Name: auth_group; Type: TABLE DATA; Schema: public; Owner: -
--



--
-- TOC entry 3144 (class 0 OID 16421)
-- Dependencies: 209
-- Data for Name: auth_group_permissions; Type: TABLE DATA; Schema: public; Owner: -
--



--
-- TOC entry 3140 (class 0 OID 16405)
-- Dependencies: 205
-- Data for Name: auth_permission; Type: TABLE DATA; Schema: public; Owner: -
--

INSERT INTO public.auth_permission VALUES (1, 'Can add log entry', 1, 'add_logentry');
INSERT INTO public.auth_permission VALUES (2, 'Can change log entry', 1, 'change_logentry');
INSERT INTO public.auth_permission VALUES (3, 'Can delete log entry', 1, 'delete_logentry');
INSERT INTO public.auth_permission VALUES (4, 'Can view log entry', 1, 'view_logentry');
INSERT INTO public.auth_permission VALUES (5, 'Can add permission', 2, 'add_permission');
INSERT INTO public.auth_permission VALUES (6, 'Can change permission', 2, 'change_permission');
INSERT INTO public.auth_permission VALUES (7, 'Can delete permission', 2, 'delete_permission');
INSERT INTO public.auth_permission VALUES (8, 'Can view permission', 2, 'view_permission');
INSERT INTO public.auth_permission VALUES (9, 'Can add group', 3, 'add_group');
INSERT INTO public.auth_permission VALUES (10, 'Can change group', 3, 'change_group');
INSERT INTO public.auth_permission VALUES (11, 'Can delete group', 3, 'delete_group');
INSERT INTO public.auth_permission VALUES (12, 'Can view group', 3, 'view_group');
INSERT INTO public.auth_permission VALUES (13, 'Can add user', 4, 'add_user');
INSERT INTO public.auth_permission VALUES (14, 'Can change user', 4, 'change_user');
INSERT INTO public.auth_permission VALUES (15, 'Can delete user', 4, 'delete_user');
INSERT INTO public.auth_permission VALUES (16, 'Can view user', 4, 'view_user');
INSERT INTO public.auth_permission VALUES (17, 'Can add content type', 5, 'add_contenttype');
INSERT INTO public.auth_permission VALUES (18, 'Can change content type', 5, 'change_contenttype');
INSERT INTO public.auth_permission VALUES (19, 'Can delete content type', 5, 'delete_contenttype');
INSERT INTO public.auth_permission VALUES (20, 'Can view content type', 5, 'view_contenttype');
INSERT INTO public.auth_permission VALUES (21, 'Can add session', 6, 'add_session');
INSERT INTO public.auth_permission VALUES (22, 'Can change session', 6, 'change_session');
INSERT INTO public.auth_permission VALUES (23, 'Can delete session', 6, 'delete_session');
INSERT INTO public.auth_permission VALUES (24, 'Can view session', 6, 'view_session');
INSERT INTO public.auth_permission VALUES (25, 'Can add doctor', 7, 'add_doctor');
INSERT INTO public.auth_permission VALUES (26, 'Can change doctor', 7, 'change_doctor');
INSERT INTO public.auth_permission VALUES (27, 'Can delete doctor', 7, 'delete_doctor');
INSERT INTO public.auth_permission VALUES (28, 'Can view doctor', 7, 'view_doctor');
INSERT INTO public.auth_permission VALUES (29, 'Can add appointment', 8, 'add_appointment');
INSERT INTO public.auth_permission VALUES (30, 'Can change appointment', 8, 'change_appointment');
INSERT INTO public.auth_permission VALUES (31, 'Can delete appointment', 8, 'delete_appointment');
INSERT INTO public.auth_permission VALUES (32, 'Can view appointment', 8, 'view_appointment');
INSERT INTO public.auth_permission VALUES (33, 'Can add type appointment', 9, 'add_typeappointment');
INSERT INTO public.auth_permission VALUES (34, 'Can change type appointment', 9, 'change_typeappointment');
INSERT INTO public.auth_permission VALUES (35, 'Can delete type appointment', 9, 'delete_typeappointment');
INSERT INTO public.auth_permission VALUES (36, 'Can view type appointment', 9, 'view_typeappointment');
INSERT INTO public.auth_permission VALUES (37, 'Can add pacient', 10, 'add_pacient');
INSERT INTO public.auth_permission VALUES (38, 'Can change pacient', 10, 'change_pacient');
INSERT INTO public.auth_permission VALUES (39, 'Can delete pacient', 10, 'delete_pacient');
INSERT INTO public.auth_permission VALUES (40, 'Can view pacient', 10, 'view_pacient');


--
-- TOC entry 3146 (class 0 OID 16428)
-- Dependencies: 211
-- Data for Name: auth_user; Type: TABLE DATA; Schema: public; Owner: -
--



--
-- TOC entry 3148 (class 0 OID 16437)
-- Dependencies: 213
-- Data for Name: auth_user_groups; Type: TABLE DATA; Schema: public; Owner: -
--



--
-- TOC entry 3150 (class 0 OID 16444)
-- Dependencies: 215
-- Data for Name: auth_user_user_permissions; Type: TABLE DATA; Schema: public; Owner: -
--



--
-- TOC entry 3152 (class 0 OID 16503)
-- Dependencies: 217
-- Data for Name: django_admin_log; Type: TABLE DATA; Schema: public; Owner: -
--



--
-- TOC entry 3138 (class 0 OID 16396)
-- Dependencies: 203
-- Data for Name: django_content_type; Type: TABLE DATA; Schema: public; Owner: -
--

INSERT INTO public.django_content_type VALUES (1, 'admin', 'logentry');
INSERT INTO public.django_content_type VALUES (2, 'auth', 'permission');
INSERT INTO public.django_content_type VALUES (3, 'auth', 'group');
INSERT INTO public.django_content_type VALUES (4, 'auth', 'user');
INSERT INTO public.django_content_type VALUES (5, 'contenttypes', 'contenttype');
INSERT INTO public.django_content_type VALUES (6, 'sessions', 'session');
INSERT INTO public.django_content_type VALUES (7, 'hospital', 'doctor');
INSERT INTO public.django_content_type VALUES (8, 'hospital', 'appointment');
INSERT INTO public.django_content_type VALUES (9, 'hospital', 'typeappointment');
INSERT INTO public.django_content_type VALUES (10, 'hospital', 'pacient');


--
-- TOC entry 3136 (class 0 OID 16386)
-- Dependencies: 201
-- Data for Name: django_migrations; Type: TABLE DATA; Schema: public; Owner: -
--

INSERT INTO public.django_migrations VALUES (1, 'contenttypes', '0001_initial', '2022-08-22 19:01:02.272725-05');
INSERT INTO public.django_migrations VALUES (2, 'auth', '0001_initial', '2022-08-22 19:01:02.418202-05');
INSERT INTO public.django_migrations VALUES (3, 'admin', '0001_initial', '2022-08-22 19:01:02.457743-05');
INSERT INTO public.django_migrations VALUES (4, 'admin', '0002_logentry_remove_auto_add', '2022-08-22 19:01:02.475953-05');
INSERT INTO public.django_migrations VALUES (5, 'admin', '0003_logentry_add_action_flag_choices', '2022-08-22 19:01:02.495172-05');
INSERT INTO public.django_migrations VALUES (6, 'contenttypes', '0002_remove_content_type_name', '2022-08-22 19:01:02.532981-05');
INSERT INTO public.django_migrations VALUES (7, 'auth', '0002_alter_permission_name_max_length', '2022-08-22 19:01:02.552112-05');
INSERT INTO public.django_migrations VALUES (8, 'auth', '0003_alter_user_email_max_length', '2022-08-22 19:01:02.573995-05');
INSERT INTO public.django_migrations VALUES (9, 'auth', '0004_alter_user_username_opts', '2022-08-22 19:01:02.591655-05');
INSERT INTO public.django_migrations VALUES (10, 'auth', '0005_alter_user_last_login_null', '2022-08-22 19:01:02.610547-05');
INSERT INTO public.django_migrations VALUES (11, 'auth', '0006_require_contenttypes_0002', '2022-08-22 19:01:02.615586-05');
INSERT INTO public.django_migrations VALUES (12, 'auth', '0007_alter_validators_add_error_messages', '2022-08-22 19:01:02.633996-05');
INSERT INTO public.django_migrations VALUES (13, 'auth', '0008_alter_user_username_max_length', '2022-08-22 19:01:02.658828-05');
INSERT INTO public.django_migrations VALUES (14, 'auth', '0009_alter_user_last_name_max_length', '2022-08-22 19:01:02.678284-05');
INSERT INTO public.django_migrations VALUES (15, 'auth', '0010_alter_group_name_max_length', '2022-08-22 19:01:02.700094-05');
INSERT INTO public.django_migrations VALUES (16, 'auth', '0011_update_proxy_permissions', '2022-08-22 19:01:02.720597-05');
INSERT INTO public.django_migrations VALUES (17, 'auth', '0012_alter_user_first_name_max_length', '2022-08-22 19:01:02.742802-05');
INSERT INTO public.django_migrations VALUES (18, 'sessions', '0001_initial', '2022-08-22 19:01:02.765331-05');
INSERT INTO public.django_migrations VALUES (19, 'hospital', '0001_initial', '2022-08-22 19:04:37.078147-05');
INSERT INTO public.django_migrations VALUES (20, 'hospital', '0002_alter_appointment_created_at_and_more', '2022-08-22 19:49:31.714083-05');
INSERT INTO public.django_migrations VALUES (21, 'hospital', '0003_alter_pacient_dni', '2022-08-22 19:50:20.523668-05');
INSERT INTO public.django_migrations VALUES (22, 'hospital', '0004_alter_pacient_dni_alter_pacient_lastname_and_more', '2022-08-22 19:51:09.697236-05');
INSERT INTO public.django_migrations VALUES (23, 'hospital', '0005_alter_pacient_lastname_alter_pacient_name', '2022-08-22 19:53:01.941183-05');
INSERT INTO public.django_migrations VALUES (24, 'hospital', '0006_alter_doctor_lastname_alter_pacient_dni', '2022-08-22 19:56:02.261425-05');
INSERT INTO public.django_migrations VALUES (25, 'hospital', '0007_rename_lastname_doctor_lastname_and_more', '2022-08-23 22:31:59.154261-05');


--
-- TOC entry 3153 (class 0 OID 16533)
-- Dependencies: 218
-- Data for Name: django_session; Type: TABLE DATA; Schema: public; Owner: -
--



--
-- TOC entry 3161 (class 0 OID 16569)
-- Dependencies: 226
-- Data for Name: hospital_appointment; Type: TABLE DATA; Schema: public; Owner: -
--



--
-- TOC entry 3155 (class 0 OID 16545)
-- Dependencies: 220
-- Data for Name: hospital_doctor; Type: TABLE DATA; Schema: public; Owner: -
--



--
-- TOC entry 3157 (class 0 OID 16552)
-- Dependencies: 222
-- Data for Name: hospital_pacient; Type: TABLE DATA; Schema: public; Owner: -
--

INSERT INTO public.hospital_pacient VALUES (28, '21231', '12312', '12312', '2022-08-23 22:51:41.731885-05', '2022-08-23 22:59:32.6041-05', NULL);
INSERT INTO public.hospital_pacient VALUES (29, '2123', '123124', '12312', '2022-08-23 22:51:41.733876-05', '2022-08-23 23:02:56.743197-05', NULL);
INSERT INTO public.hospital_pacient VALUES (15, '1', '2', '3', '2022-08-22 20:15:53.918942-05', '2022-08-22 20:15:53.918962-05', NULL);
INSERT INTO public.hospital_pacient VALUES (13, 'tres dos', '2', '32', '2022-08-22 20:13:47.889127-05', '2022-08-23 23:08:16.379018-05', NULL);
INSERT INTO public.hospital_pacient VALUES (23, 'Ara', 'SAS', '1234', '2022-08-23 22:17:40.771837-05', '2022-08-23 23:11:04.97211-05', NULL);
INSERT INTO public.hospital_pacient VALUES (20, '1', '2', '3', '2022-08-22 21:11:39.128217-05', '2022-08-22 21:11:39.128246-05', NULL);
INSERT INTO public.hospital_pacient VALUES (14, 'ANGIE', 'Varelaz', '1010101', '2022-08-22 20:14:27.447931-05', '2022-08-23 23:14:31.581742-05', NULL);
INSERT INTO public.hospital_pacient VALUES (26, 'Juan', 'ValdezA', '100012', '2022-08-23 22:42:37.225921-05', '2022-08-23 23:15:53.045051-05', NULL);
INSERT INTO public.hospital_pacient VALUES (19, '1.1', '2.2', '3.3', '2022-08-22 20:37:42.442067-05', '2022-08-22 21:13:18.382607-05', '2022-08-22 21:18:03.503663-05');
INSERT INTO public.hospital_pacient VALUES (22, '1', '2', '30', '2022-08-22 22:00:28.257701-05', '2022-08-22 22:00:28.257756-05', NULL);
INSERT INTO public.hospital_pacient VALUES (25, '232312', '312312', '3123', '2022-08-23 22:18:17.832359-05', '2022-08-23 22:18:17.832377-05', NULL);
INSERT INTO public.hospital_pacient VALUES (30, 'a', 'a', '90', '2022-08-23 23:16:09.904022-05', '2022-08-23 23:16:09.904066-05', NULL);
INSERT INTO public.hospital_pacient VALUES (31, 'asdasdasda', 'sdasdasd', '912111', '2022-08-23 23:19:31.224296-05', '2022-08-23 23:22:00.897319-05', NULL);
INSERT INTO public.hospital_pacient VALUES (27, 'Juan', 'ValdezCOCH', '100022', '2022-08-23 22:42:37.228212-05', '2022-08-23 23:24:41.090108-05', NULL);
INSERT INTO public.hospital_pacient VALUES (21, '1', '2', '3', '2022-08-22 21:12:19.728246-05', '2022-08-22 21:12:19.728266-05', '2022-08-23 23:47:06.365596-05');
INSERT INTO public.hospital_pacient VALUES (24, '1', '2', '3', '2022-08-23 22:18:07.581137-05', '2022-08-23 23:05:05.622111-05', '2022-08-23 23:47:10.270412-05');
INSERT INTO public.hospital_pacient VALUES (18, '1', '2', '3', '2022-08-22 20:20:20.00512-05', '2022-08-22 20:20:20.005142-05', '2022-08-23 23:47:12.648614-05');
INSERT INTO public.hospital_pacient VALUES (17, '1', '2', '3', '2022-08-22 20:18:16.227947-05', '2022-08-22 20:18:16.227969-05', '2022-08-23 23:47:15.075923-05');
INSERT INTO public.hospital_pacient VALUES (16, '1', '2', '3', '2022-08-22 20:16:48.173385-05', '2022-08-22 20:16:48.173406-05', '2022-08-23 23:47:17.800157-05');


--
-- TOC entry 3159 (class 0 OID 16559)
-- Dependencies: 224
-- Data for Name: hospital_typeappointment; Type: TABLE DATA; Schema: public; Owner: -
--



--
-- TOC entry 3168 (class 0 OID 0)
-- Dependencies: 206
-- Name: auth_group_id_seq; Type: SEQUENCE SET; Schema: public; Owner: -
--

SELECT pg_catalog.setval('public.auth_group_id_seq', 1, false);


--
-- TOC entry 3169 (class 0 OID 0)
-- Dependencies: 208
-- Name: auth_group_permissions_id_seq; Type: SEQUENCE SET; Schema: public; Owner: -
--

SELECT pg_catalog.setval('public.auth_group_permissions_id_seq', 1, false);


--
-- TOC entry 3170 (class 0 OID 0)
-- Dependencies: 204
-- Name: auth_permission_id_seq; Type: SEQUENCE SET; Schema: public; Owner: -
--

SELECT pg_catalog.setval('public.auth_permission_id_seq', 40, true);


--
-- TOC entry 3171 (class 0 OID 0)
-- Dependencies: 212
-- Name: auth_user_groups_id_seq; Type: SEQUENCE SET; Schema: public; Owner: -
--

SELECT pg_catalog.setval('public.auth_user_groups_id_seq', 1, false);


--
-- TOC entry 3172 (class 0 OID 0)
-- Dependencies: 210
-- Name: auth_user_id_seq; Type: SEQUENCE SET; Schema: public; Owner: -
--

SELECT pg_catalog.setval('public.auth_user_id_seq', 1, false);


--
-- TOC entry 3173 (class 0 OID 0)
-- Dependencies: 214
-- Name: auth_user_user_permissions_id_seq; Type: SEQUENCE SET; Schema: public; Owner: -
--

SELECT pg_catalog.setval('public.auth_user_user_permissions_id_seq', 1, false);


--
-- TOC entry 3174 (class 0 OID 0)
-- Dependencies: 216
-- Name: django_admin_log_id_seq; Type: SEQUENCE SET; Schema: public; Owner: -
--

SELECT pg_catalog.setval('public.django_admin_log_id_seq', 1, false);


--
-- TOC entry 3175 (class 0 OID 0)
-- Dependencies: 202
-- Name: django_content_type_id_seq; Type: SEQUENCE SET; Schema: public; Owner: -
--

SELECT pg_catalog.setval('public.django_content_type_id_seq', 10, true);


--
-- TOC entry 3176 (class 0 OID 0)
-- Dependencies: 200
-- Name: django_migrations_id_seq; Type: SEQUENCE SET; Schema: public; Owner: -
--

SELECT pg_catalog.setval('public.django_migrations_id_seq', 25, true);


--
-- TOC entry 3177 (class 0 OID 0)
-- Dependencies: 225
-- Name: hospital_appointment_id_seq; Type: SEQUENCE SET; Schema: public; Owner: -
--

SELECT pg_catalog.setval('public.hospital_appointment_id_seq', 1, false);


--
-- TOC entry 3178 (class 0 OID 0)
-- Dependencies: 219
-- Name: hospital_doctor_id_seq; Type: SEQUENCE SET; Schema: public; Owner: -
--

SELECT pg_catalog.setval('public.hospital_doctor_id_seq', 1, false);


--
-- TOC entry 3179 (class 0 OID 0)
-- Dependencies: 221
-- Name: hospital_pacient_id_seq; Type: SEQUENCE SET; Schema: public; Owner: -
--

SELECT pg_catalog.setval('public.hospital_pacient_id_seq', 31, true);


--
-- TOC entry 3180 (class 0 OID 0)
-- Dependencies: 223
-- Name: hospital_typeappointment_id_seq; Type: SEQUENCE SET; Schema: public; Owner: -
--

SELECT pg_catalog.setval('public.hospital_typeappointment_id_seq', 1, false);


--
-- TOC entry 2948 (class 2606 OID 16531)
-- Name: auth_group auth_group_name_key; Type: CONSTRAINT; Schema: public; Owner: -
--

ALTER TABLE ONLY public.auth_group
    ADD CONSTRAINT auth_group_name_key UNIQUE (name);


--
-- TOC entry 2953 (class 2606 OID 16459)
-- Name: auth_group_permissions auth_group_permissions_group_id_permission_id_0cd325b0_uniq; Type: CONSTRAINT; Schema: public; Owner: -
--

ALTER TABLE ONLY public.auth_group_permissions
    ADD CONSTRAINT auth_group_permissions_group_id_permission_id_0cd325b0_uniq UNIQUE (group_id, permission_id);


--
-- TOC entry 2956 (class 2606 OID 16425)
-- Name: auth_group_permissions auth_group_permissions_pkey; Type: CONSTRAINT; Schema: public; Owner: -
--

ALTER TABLE ONLY public.auth_group_permissions
    ADD CONSTRAINT auth_group_permissions_pkey PRIMARY KEY (id);


--
-- TOC entry 2950 (class 2606 OID 16416)
-- Name: auth_group auth_group_pkey; Type: CONSTRAINT; Schema: public; Owner: -
--

ALTER TABLE ONLY public.auth_group
    ADD CONSTRAINT auth_group_pkey PRIMARY KEY (id);


--
-- TOC entry 2943 (class 2606 OID 16450)
-- Name: auth_permission auth_permission_content_type_id_codename_01ab375a_uniq; Type: CONSTRAINT; Schema: public; Owner: -
--

ALTER TABLE ONLY public.auth_permission
    ADD CONSTRAINT auth_permission_content_type_id_codename_01ab375a_uniq UNIQUE (content_type_id, codename);


--
-- TOC entry 2945 (class 2606 OID 16409)
-- Name: auth_permission auth_permission_pkey; Type: CONSTRAINT; Schema: public; Owner: -
--

ALTER TABLE ONLY public.auth_permission
    ADD CONSTRAINT auth_permission_pkey PRIMARY KEY (id);


--
-- TOC entry 2964 (class 2606 OID 16441)
-- Name: auth_user_groups auth_user_groups_pkey; Type: CONSTRAINT; Schema: public; Owner: -
--

ALTER TABLE ONLY public.auth_user_groups
    ADD CONSTRAINT auth_user_groups_pkey PRIMARY KEY (id);


--
-- TOC entry 2967 (class 2606 OID 16474)
-- Name: auth_user_groups auth_user_groups_user_id_group_id_94350c0c_uniq; Type: CONSTRAINT; Schema: public; Owner: -
--

ALTER TABLE ONLY public.auth_user_groups
    ADD CONSTRAINT auth_user_groups_user_id_group_id_94350c0c_uniq UNIQUE (user_id, group_id);


--
-- TOC entry 2958 (class 2606 OID 16432)
-- Name: auth_user auth_user_pkey; Type: CONSTRAINT; Schema: public; Owner: -
--

ALTER TABLE ONLY public.auth_user
    ADD CONSTRAINT auth_user_pkey PRIMARY KEY (id);


--
-- TOC entry 2970 (class 2606 OID 16448)
-- Name: auth_user_user_permissions auth_user_user_permissions_pkey; Type: CONSTRAINT; Schema: public; Owner: -
--

ALTER TABLE ONLY public.auth_user_user_permissions
    ADD CONSTRAINT auth_user_user_permissions_pkey PRIMARY KEY (id);


--
-- TOC entry 2973 (class 2606 OID 16488)
-- Name: auth_user_user_permissions auth_user_user_permissions_user_id_permission_id_14a6b632_uniq; Type: CONSTRAINT; Schema: public; Owner: -
--

ALTER TABLE ONLY public.auth_user_user_permissions
    ADD CONSTRAINT auth_user_user_permissions_user_id_permission_id_14a6b632_uniq UNIQUE (user_id, permission_id);


--
-- TOC entry 2961 (class 2606 OID 16525)
-- Name: auth_user auth_user_username_key; Type: CONSTRAINT; Schema: public; Owner: -
--

ALTER TABLE ONLY public.auth_user
    ADD CONSTRAINT auth_user_username_key UNIQUE (username);


--
-- TOC entry 2976 (class 2606 OID 16511)
-- Name: django_admin_log django_admin_log_pkey; Type: CONSTRAINT; Schema: public; Owner: -
--

ALTER TABLE ONLY public.django_admin_log
    ADD CONSTRAINT django_admin_log_pkey PRIMARY KEY (id);


--
-- TOC entry 2938 (class 2606 OID 16402)
-- Name: django_content_type django_content_type_app_label_model_76bd3d3b_uniq; Type: CONSTRAINT; Schema: public; Owner: -
--

ALTER TABLE ONLY public.django_content_type
    ADD CONSTRAINT django_content_type_app_label_model_76bd3d3b_uniq UNIQUE (app_label, model);


--
-- TOC entry 2940 (class 2606 OID 16400)
-- Name: django_content_type django_content_type_pkey; Type: CONSTRAINT; Schema: public; Owner: -
--

ALTER TABLE ONLY public.django_content_type
    ADD CONSTRAINT django_content_type_pkey PRIMARY KEY (id);


--
-- TOC entry 2936 (class 2606 OID 16393)
-- Name: django_migrations django_migrations_pkey; Type: CONSTRAINT; Schema: public; Owner: -
--

ALTER TABLE ONLY public.django_migrations
    ADD CONSTRAINT django_migrations_pkey PRIMARY KEY (id);


--
-- TOC entry 2980 (class 2606 OID 16540)
-- Name: django_session django_session_pkey; Type: CONSTRAINT; Schema: public; Owner: -
--

ALTER TABLE ONLY public.django_session
    ADD CONSTRAINT django_session_pkey PRIMARY KEY (session_key);


--
-- TOC entry 2991 (class 2606 OID 16573)
-- Name: hospital_appointment hospital_appointment_pkey; Type: CONSTRAINT; Schema: public; Owner: -
--

ALTER TABLE ONLY public.hospital_appointment
    ADD CONSTRAINT hospital_appointment_pkey PRIMARY KEY (id);


--
-- TOC entry 2983 (class 2606 OID 16549)
-- Name: hospital_doctor hospital_doctor_pkey; Type: CONSTRAINT; Schema: public; Owner: -
--

ALTER TABLE ONLY public.hospital_doctor
    ADD CONSTRAINT hospital_doctor_pkey PRIMARY KEY (id);


--
-- TOC entry 2985 (class 2606 OID 16556)
-- Name: hospital_pacient hospital_pacient_pkey; Type: CONSTRAINT; Schema: public; Owner: -
--

ALTER TABLE ONLY public.hospital_pacient
    ADD CONSTRAINT hospital_pacient_pkey PRIMARY KEY (id);


--
-- TOC entry 2987 (class 2606 OID 16566)
-- Name: hospital_typeappointment hospital_typeappointment_pkey; Type: CONSTRAINT; Schema: public; Owner: -
--

ALTER TABLE ONLY public.hospital_typeappointment
    ADD CONSTRAINT hospital_typeappointment_pkey PRIMARY KEY (id);


--
-- TOC entry 2946 (class 1259 OID 16532)
-- Name: auth_group_name_a6ea08ec_like; Type: INDEX; Schema: public; Owner: -
--

CREATE INDEX auth_group_name_a6ea08ec_like ON public.auth_group USING btree (name varchar_pattern_ops);


--
-- TOC entry 2951 (class 1259 OID 16470)
-- Name: auth_group_permissions_group_id_b120cbf9; Type: INDEX; Schema: public; Owner: -
--

CREATE INDEX auth_group_permissions_group_id_b120cbf9 ON public.auth_group_permissions USING btree (group_id);


--
-- TOC entry 2954 (class 1259 OID 16471)
-- Name: auth_group_permissions_permission_id_84c5c92e; Type: INDEX; Schema: public; Owner: -
--

CREATE INDEX auth_group_permissions_permission_id_84c5c92e ON public.auth_group_permissions USING btree (permission_id);


--
-- TOC entry 2941 (class 1259 OID 16456)
-- Name: auth_permission_content_type_id_2f476e4b; Type: INDEX; Schema: public; Owner: -
--

CREATE INDEX auth_permission_content_type_id_2f476e4b ON public.auth_permission USING btree (content_type_id);


--
-- TOC entry 2962 (class 1259 OID 16486)
-- Name: auth_user_groups_group_id_97559544; Type: INDEX; Schema: public; Owner: -
--

CREATE INDEX auth_user_groups_group_id_97559544 ON public.auth_user_groups USING btree (group_id);


--
-- TOC entry 2965 (class 1259 OID 16485)
-- Name: auth_user_groups_user_id_6a12ed8b; Type: INDEX; Schema: public; Owner: -
--

CREATE INDEX auth_user_groups_user_id_6a12ed8b ON public.auth_user_groups USING btree (user_id);


--
-- TOC entry 2968 (class 1259 OID 16500)
-- Name: auth_user_user_permissions_permission_id_1fbb5f2c; Type: INDEX; Schema: public; Owner: -
--

CREATE INDEX auth_user_user_permissions_permission_id_1fbb5f2c ON public.auth_user_user_permissions USING btree (permission_id);


--
-- TOC entry 2971 (class 1259 OID 16499)
-- Name: auth_user_user_permissions_user_id_a95ead1b; Type: INDEX; Schema: public; Owner: -
--

CREATE INDEX auth_user_user_permissions_user_id_a95ead1b ON public.auth_user_user_permissions USING btree (user_id);


--
-- TOC entry 2959 (class 1259 OID 16526)
-- Name: auth_user_username_6821ab7c_like; Type: INDEX; Schema: public; Owner: -
--

CREATE INDEX auth_user_username_6821ab7c_like ON public.auth_user USING btree (username varchar_pattern_ops);


--
-- TOC entry 2974 (class 1259 OID 16522)
-- Name: django_admin_log_content_type_id_c4bce8eb; Type: INDEX; Schema: public; Owner: -
--

CREATE INDEX django_admin_log_content_type_id_c4bce8eb ON public.django_admin_log USING btree (content_type_id);


--
-- TOC entry 2977 (class 1259 OID 16523)
-- Name: django_admin_log_user_id_c564eba6; Type: INDEX; Schema: public; Owner: -
--

CREATE INDEX django_admin_log_user_id_c564eba6 ON public.django_admin_log USING btree (user_id);


--
-- TOC entry 2978 (class 1259 OID 16542)
-- Name: django_session_expire_date_a5c62663; Type: INDEX; Schema: public; Owner: -
--

CREATE INDEX django_session_expire_date_a5c62663 ON public.django_session USING btree (expire_date);


--
-- TOC entry 2981 (class 1259 OID 16541)
-- Name: django_session_session_key_c0390e0f_like; Type: INDEX; Schema: public; Owner: -
--

CREATE INDEX django_session_session_key_c0390e0f_like ON public.django_session USING btree (session_key varchar_pattern_ops);


--
-- TOC entry 2988 (class 1259 OID 16589)
-- Name: hospital_appointment_doctor_id_45ff691b; Type: INDEX; Schema: public; Owner: -
--

CREATE INDEX hospital_appointment_doctor_id_45ff691b ON public.hospital_appointment USING btree (doctor_id);


--
-- TOC entry 2989 (class 1259 OID 16590)
-- Name: hospital_appointment_pacient_id_f57b35e7; Type: INDEX; Schema: public; Owner: -
--

CREATE INDEX hospital_appointment_pacient_id_f57b35e7 ON public.hospital_appointment USING btree (pacient_id);


--
-- TOC entry 2992 (class 1259 OID 16591)
-- Name: hospital_appointment_type_id_f96ce1d1; Type: INDEX; Schema: public; Owner: -
--

CREATE INDEX hospital_appointment_type_id_f96ce1d1 ON public.hospital_appointment USING btree (type_id);


--
-- TOC entry 2995 (class 2606 OID 16465)
-- Name: auth_group_permissions auth_group_permissio_permission_id_84c5c92e_fk_auth_perm; Type: FK CONSTRAINT; Schema: public; Owner: -
--

ALTER TABLE ONLY public.auth_group_permissions
    ADD CONSTRAINT auth_group_permissio_permission_id_84c5c92e_fk_auth_perm FOREIGN KEY (permission_id) REFERENCES public.auth_permission(id) DEFERRABLE INITIALLY DEFERRED;


--
-- TOC entry 2994 (class 2606 OID 16460)
-- Name: auth_group_permissions auth_group_permissions_group_id_b120cbf9_fk_auth_group_id; Type: FK CONSTRAINT; Schema: public; Owner: -
--

ALTER TABLE ONLY public.auth_group_permissions
    ADD CONSTRAINT auth_group_permissions_group_id_b120cbf9_fk_auth_group_id FOREIGN KEY (group_id) REFERENCES public.auth_group(id) DEFERRABLE INITIALLY DEFERRED;


--
-- TOC entry 2993 (class 2606 OID 16451)
-- Name: auth_permission auth_permission_content_type_id_2f476e4b_fk_django_co; Type: FK CONSTRAINT; Schema: public; Owner: -
--

ALTER TABLE ONLY public.auth_permission
    ADD CONSTRAINT auth_permission_content_type_id_2f476e4b_fk_django_co FOREIGN KEY (content_type_id) REFERENCES public.django_content_type(id) DEFERRABLE INITIALLY DEFERRED;


--
-- TOC entry 2997 (class 2606 OID 16480)
-- Name: auth_user_groups auth_user_groups_group_id_97559544_fk_auth_group_id; Type: FK CONSTRAINT; Schema: public; Owner: -
--

ALTER TABLE ONLY public.auth_user_groups
    ADD CONSTRAINT auth_user_groups_group_id_97559544_fk_auth_group_id FOREIGN KEY (group_id) REFERENCES public.auth_group(id) DEFERRABLE INITIALLY DEFERRED;


--
-- TOC entry 2996 (class 2606 OID 16475)
-- Name: auth_user_groups auth_user_groups_user_id_6a12ed8b_fk_auth_user_id; Type: FK CONSTRAINT; Schema: public; Owner: -
--

ALTER TABLE ONLY public.auth_user_groups
    ADD CONSTRAINT auth_user_groups_user_id_6a12ed8b_fk_auth_user_id FOREIGN KEY (user_id) REFERENCES public.auth_user(id) DEFERRABLE INITIALLY DEFERRED;


--
-- TOC entry 2999 (class 2606 OID 16494)
-- Name: auth_user_user_permissions auth_user_user_permi_permission_id_1fbb5f2c_fk_auth_perm; Type: FK CONSTRAINT; Schema: public; Owner: -
--

ALTER TABLE ONLY public.auth_user_user_permissions
    ADD CONSTRAINT auth_user_user_permi_permission_id_1fbb5f2c_fk_auth_perm FOREIGN KEY (permission_id) REFERENCES public.auth_permission(id) DEFERRABLE INITIALLY DEFERRED;


--
-- TOC entry 2998 (class 2606 OID 16489)
-- Name: auth_user_user_permissions auth_user_user_permissions_user_id_a95ead1b_fk_auth_user_id; Type: FK CONSTRAINT; Schema: public; Owner: -
--

ALTER TABLE ONLY public.auth_user_user_permissions
    ADD CONSTRAINT auth_user_user_permissions_user_id_a95ead1b_fk_auth_user_id FOREIGN KEY (user_id) REFERENCES public.auth_user(id) DEFERRABLE INITIALLY DEFERRED;


--
-- TOC entry 3000 (class 2606 OID 16512)
-- Name: django_admin_log django_admin_log_content_type_id_c4bce8eb_fk_django_co; Type: FK CONSTRAINT; Schema: public; Owner: -
--

ALTER TABLE ONLY public.django_admin_log
    ADD CONSTRAINT django_admin_log_content_type_id_c4bce8eb_fk_django_co FOREIGN KEY (content_type_id) REFERENCES public.django_content_type(id) DEFERRABLE INITIALLY DEFERRED;


--
-- TOC entry 3001 (class 2606 OID 16517)
-- Name: django_admin_log django_admin_log_user_id_c564eba6_fk_auth_user_id; Type: FK CONSTRAINT; Schema: public; Owner: -
--

ALTER TABLE ONLY public.django_admin_log
    ADD CONSTRAINT django_admin_log_user_id_c564eba6_fk_auth_user_id FOREIGN KEY (user_id) REFERENCES public.auth_user(id) DEFERRABLE INITIALLY DEFERRED;


--
-- TOC entry 3002 (class 2606 OID 16574)
-- Name: hospital_appointment hospital_appointment_doctor_id_45ff691b_fk_hospital_doctor_id; Type: FK CONSTRAINT; Schema: public; Owner: -
--

ALTER TABLE ONLY public.hospital_appointment
    ADD CONSTRAINT hospital_appointment_doctor_id_45ff691b_fk_hospital_doctor_id FOREIGN KEY (doctor_id) REFERENCES public.hospital_doctor(id) DEFERRABLE INITIALLY DEFERRED;


--
-- TOC entry 3003 (class 2606 OID 16579)
-- Name: hospital_appointment hospital_appointment_pacient_id_f57b35e7_fk_hospital_pacient_id; Type: FK CONSTRAINT; Schema: public; Owner: -
--

ALTER TABLE ONLY public.hospital_appointment
    ADD CONSTRAINT hospital_appointment_pacient_id_f57b35e7_fk_hospital_pacient_id FOREIGN KEY (pacient_id) REFERENCES public.hospital_pacient(id) DEFERRABLE INITIALLY DEFERRED;


--
-- TOC entry 3004 (class 2606 OID 16584)
-- Name: hospital_appointment hospital_appointment_type_id_f96ce1d1_fk_hospital_; Type: FK CONSTRAINT; Schema: public; Owner: -
--

ALTER TABLE ONLY public.hospital_appointment
    ADD CONSTRAINT hospital_appointment_type_id_f96ce1d1_fk_hospital_ FOREIGN KEY (type_id) REFERENCES public.hospital_typeappointment(id) DEFERRABLE INITIALLY DEFERRED;


-- Completed on 2022-08-24 00:15:50

--
-- PostgreSQL database dump complete
--

